{
  "total_latency_avg": 0.7466280753360479,
  "total_latencies": [
    0.7520098000022699,
    0.7422812440054258,
    0.745593182000448
  ]
}