{
  "total_latency_avg": 0.6358687469958871,
  "total_latencies": [
    1.0131873679929413,
    0.44354679400566965,
    0.45087207898905035
  ],
  "sample_text": "The future of artificial intelligence is in the right hands, the \"hippies\" and the \"lazy\" and the \"lazy\" the \"lazy\" the \"lazy\" the \"lawed.\" Newly-caught and the \"lazy\" the \"",
  "model_size_mb": 511.5616397857666
}